{
  "Groupflowdata": {
    "Q_d_Knoz": 123,
    "Q_h_Knoz": 5.125,
    "Kz": 2.7000000000000002,
    "Q_d_max": 332.10000000000002,
    "Q_h_max": 13.837999999999999
  }
}